AA	NNP
AAA	NNP
ABCP	NNP
ABF	NNP
ABMI	NNP
ABS	NNP
ACWI	NNP
ADB	NNP
AF	NNP
AI	NNP
AIIB	NNP
AMF	NNP
AML	NNP
AMRO	NNP
APEC	NNP
ASEAN	NNP
ASF	NNP
ATM	NNP
AU	NNP
BA	NNP
BANK	NNP
BB	NNP
BBB	NNP
BCBS	NNP
BCH	NNP
BIS	NNP
BMI	NNP
BOK	NNP
BOP	NNP
BPS	NNP
BSI	NNP
BTG	NNP
BW	NNP
CACREL	NNP
CAMEL	NNP
CASH	NNP
CB	NNP
CBO	NNP
CBOE	NNP
CC	NNP
CCC	NNP
CCF	NNP
CCP	NNP
CCSI	NNP
CD	NNP
CDO	NNP
CDS	NNP
CEU	NNP
CFC	NNP
CFTC	NNP
CHF	NNP
CI	NNP
CIC	NNP
CLN	NNP
CLO	NNP
CLS	NNP
CMA	NNP
CME	NNP
CMI	NNP
CMIM	NNP
CMO	NNP
CMS	NNP
COFIX	NNP
COMESA	NNP
COP	NNP
CP	NNP
CPI	NNP
CPMI	NNP
CPSS	NNP
CRA	NNP
CSD	NNP
CSI	NNP
CSS	NNP
DC	NNP
DLS	NNP
DLT	NNP
DNA	NNP
DOJ	NNP
DP	NNP
DSR	NNP
DTA	NNP
DTI	NNP
DVP	NNP
DebtRank	NNG
EAD	NNP
EB	NNP
EBRD	NNP
EC	NNP
ECB	NNP
ED	NNP
EDI	NNP
EDP	NNP
EIB	NNP
EL	NNP
ELD	NNP
ELF	NNP
ELS	NNP
EMBI	NNP
EMEAP	NNP
EMI	NNP
EMU	NNP
EP	NNP
EPS	NNP
ERAB	NNP
ERPD	NNP
ESI	NNP
ESM	NNP
ETF	NNP
EU	NNP
EUR	NNP
FAX	NNP
FCA	NNP
FDI	NNP
FDIC	NNP
FEIS	NNP
FLAR	NNP
FOB	NNP
FOMC	NNP
FRB	NNP
FRN	NNP
FRS	NNP
FSB	NNP
FSF	NNP
FT	NNP
FTA	NNP
FTC	NNP
FTP	NNP
FTSE	NNP
FX	NNP
GATT	NNP
GBP	NNP
GCF	NNP
GDP	NNP
GEF	NNP
GNDI	NNP
GNI	NNP
GVC	NNP
HHI	NNP
IASB	NNP
IBA	NNP
IBRD	NNP
IC	NNP
ICMA	NNP
ICO	NNP
ID	NNP
IDA	NNP
IDE	NNP
IFRS	NNP
IIP	NNP
ILC	NNP
ILO	NNP
IMD	NNP
IMF	NNP
IOER	NNP
IOSCO	NNP
IP	NNP
IPO	NNP
IRS	NNP
ISA	NNP
ISO	NNP
IT	NNP
JPY	NNP
KI	NNP
KIC	NNP
KIKO	NNP
KO	NNP
KODEX	NNP
KOREA	NNP
KORIBOR	NNP
KOSCOM	NNP
KOSEF	NNP
KOSPI	NNP
KSD	NNP
KYC	NNP
LBO	NNP
LCR	NNP
LGD	NNP
LIBOR	NNP
LPG	NNP
LSE	NNP
LTV	NNP
MBS	NNP
MMF	NNP
MS	NNP
MSCI	NNP
MV	NNP
NAFIS	NNP
NAFTA	NNP
NAIRU	NNP
NBER	NNP
NDF	NNP
NDI	NNP
NDP	NNP
NI	NNP
NIF	NNP
NNI	NNP
NOE	NNP
NSFR	NNP
OCC	NNP
OECD	NNP
OEEC	NNP
OF	NNP
OLTP	NNP
OO	NNP
OPEC	NNP
OTC	NNP
OTO	NNP
PAC	NNP
PAIF	NNP
PBR	NNP
PC	NNP
PD	NNP
PDI	NNP
PER	NNP
PF	NNP
PFMI	NNP
PG	NNP
PGDI	NNP
PI	NNP
PPI	NNP
PPP	NNP
PVP	NNP
PY	NNP
QE	NNP
RB	NNP
RCA	NNP
RF	NNP
ROCA	NNP
RP	NNP
RSF	NNP
RT	NNP
RTA	NNP
Repo	NNG
SBA	NNP
SCAV	NNP
SCBR	NNP
SCSI	NNP
SDR	NNP
SEACEN	NNP
SEC	NNP
SEEA	NNP
SET	NNP
SIB	NNP
SIFI	NNP
SNA	NNP
SNS	NNP
SOC	NNP
SPC	NNP
SPV	NNP
SRC	NNP
SRS	NNP
STOXX	NNP
STRIP	NNP
STRIPS	NNP
SWIFT	NNP
TBTF	NNP
TED	NNP
TOPIX	NNP
TRS	NNP
TTP	NNP
UAE	NNP
UL	NNP
UN	NNP
UNECE	NNP
UNFCCC	NNP
US	NNP
USD	NNP
VA	NNP
VAN	NNP
VISA	NNP
VIX	NNP
VSTOXX	NNP
WEF	NNP
WON	NNP
WTI	NNP
WTO	NNP
YTM	NNP
가게	NNG
가격	NNG
가계	NNG
가계부	NNG
가공	NNG
가구	NNG
가능	NNG
가동	NNG
가드	NNG
가로	NNG
가맹	NNG
가맹점	NNG
가산	NNG
가산금	NNG
가상	NNG
가상통	NNG
가액	NNG
가용	NNG
가운데	NNG
가을	NNG
가이드라인	NNG
가입	NNG
가재정법	NNG
가전제품	NNG
가정	NNG
가정주부	NNG
가축	NNG
가치	NNG
각국	NNG
각료	NNG
각종	NNG
간섭	NNG
간접	NNG
간접비	NNG
간접세	NNG
감독	NNG
감사	NNG
감사원	NNG
감세	NNG
감소	NNG
감시	NNG
감염	NNG
감응도계수	NNG
감지	NNG
감축	NNG
강세	NNG
강연	NNG
강화	NNG
개국	NNG
개년	NNG
개도국	NNG
개발	NNG
개발도상국	NNG
개발원조	NNG
개방	NNG
개별스	NNG
개사	NNG
개선	NNG
개설	NNG
개월	NNG
개인	NNG
개인형퇴직연금	NNG
개입	NNG
개정	NNG
개최	NNG
개편	NNG
개혁	NNG
객관	NNG
갱신	NNG
거래	NNG
거래소	NNG
거래일	NNG
거래처	NNG
거시	NNG
거시경	NNG
거액익스포저	NNG
거주자	NNG
건강	NNG
건설	NNG
건설사	NNG
건설업	NNG
건수	NNG
건의	NNG
건전	NNG
검사	NNG
검증	NNG
검토	NNG
게임	NNG
게임머니	NNG
격지간	NNG
견해	NNG
결과	NNG
결산일	NNG
결성	NNG
결정	NNG
결제	NNG
결제원	NNG
결제일	NNG
결함	NNG
겸직	NNG
경계	NNG
경과	NNG
경기	NNG
경기침	NNG
경력	NNG
경로	NNG
경비	NNG
경상수지	NNG
경영	NNG
경영자	NNG
경쟁	NNG
경쟁력	NNG
경제	NNG
경제정	NNG
경제지	NNG
경제학	NNG
경제학자	NNG
경제협력개발기구	NNG
경제활동인구	NNG
경합	NNG
경험	NNG
계란	NNG
계리하	NNG
계산	NNG
계약	NNG
계약금	NNG
계약방	NNG
계약직	NNG
계열	NNG
계열사	NNG
계절	NNG
계좌	NNG
계획	NNG
고가품	NNG
고객	NNG
고령	NNG
고무	NNG
고용	NNG
고용주	NNG
고유	NNG
고유동성자	NNG
고율	NNG
고정	NNG
고정자	NNG
고정환	NNG
고정환율제	NNG
고통	NNG
곡물	NNG
곡선	NNG
골드만삭스	NNG
골드스미스	NNG
곰이	NNG
공간	NNG
공개	NNG
공격	NNG
공공	NNG
공공부조	NNG
공공서비	NNG
공공용지	NNG
공공재	NNG
공과	NNG
공과금	NNG
공급	NNG
공급량	NNG
공급업자	NNG
공급자	NNG
공기	NNG
공기업	NNG
공동	NNG
공모	NNG
공무원	NNG
공산품	NNG
공시	NNG
공식	NNG
공원	NNG
공유	NNG
공장	NNG
공조	NNG
공존	NNG
공증	NNG
공항	NNG
공해	NNG
공화국	NNG
공화당	NNG
과거	NNG
과소	NNG
과시	NNG
과열	NNG
과열일	NNG
과잉	NNG
과점	NNG
과정	NNG
과포지션	NNG
과학	NNG
관리	NNG
관리법	NNG
관세	NNG
관세법	NNG
관세청	NNG
관점	NNG
관할	NNG
광고	NNG
광공업	NNG
광범위	NNG
광업	NNG
광의	NNG
광주	NNG
교역	NNG
교역량	NNG
교육	NNG
교육비	NNG
교포	NNG
교환	NNG
교환소	NNG
구간	NNG
구두	NNG
구매	NNG
구매력	NNG
구매자	NNG
구분	NNG
구성	NNG
구성요	NNG
구성원	NNG
구실	NNG
구입	NNG
구조	NNG
구조물	NNG
구직	NNG
구직자	NNG
구직활	NNG
구축	NNG
구호물자	NNG
국가	NNG
국가경	NNG
국가안	NNG
국가주석	NNG
국가채무	NNG
국고	NNG
국고채	NNG
국공채	NNG
국내	NNG
국내법	NNG
국내외	NNG
국면	NNG
국민	NNG
국민대	NNG
국민연금	NNG
국방	NNG
국부	NNG
국세	NNG
국세청	NNG
국외	NNG
국장급	NNG
국적	NNG
국제	NNG
국제간	NNG
국제결	NNG
국제결제은행	NNG
국제기구	NNG
국제노동기구	NNG
국제부흥개발은행	NNG
국제수지	NNG
국제통	NNG
국제통화기금	NNG
국제피셔효	NNG
국제회계기	NNG
국제회계기준	NNG
국채	NNG
국채선물	NNG
국회	NNG
군사	NNG
군인	NNG
권고	NNG
권리	NNG
권한	NNG
귀금속	NNG
규격	NNG
규명	NNG
규모	NNG
규범	NNG
규정	NNG
규제	NNG
균형	NNG
균형성장	NNG
그간	NNG
그동안	NNG
그룹	NNG
그리스	NNG
그린	NNG
그린본드	NNG
그림	NNG
극복	NNG
근거	NNG
근로	NNG
근로자	NNG
근저당	NNG
글래스	NNG
글로벌	NNG
글자	NNG
금고	NNG
금년	NNG
금리	NNG
금리변	NNG
금발머	NNG
금본위제	NNG
금액	NNG
금융	NNG
금융결제원	NNG
금융시스	NNG
금융안정포럼	NNG
금융업	NNG
금융채	NNG
금의	NNG
금전	NNG
금지	NNG
급등	NNG
급락	NNG
급료	NNG
급변	NNG
급식	NNG
급액	NNG
급여	NNG
급증	NNG
급지시송신액	NNG
긍정	NNG
기간	NNG
기간산업	NNG
기계	NNG
기관	NNG
기관마	NNG
기구	NNG
기금	NNG
기금리	NNG
기기	NNG
기능	NNG
기대	NNG
기록	NNG
기말	NNG
기명	NNG
기반	NNG
기법	NNG
기별	NNG
기본급	NNG
기부	NNG
기부금	NNG
기상	NNG
기성액	NNG
기술	NNG
기업	NNG
기업인	NNG
기일물	NNG
기재부	NNG
기저귀	NNG
기존	NNG
기준	NNG
기준순환일	NNG
기초	NNG
기타	NNG
기타지분	NNG
기타포	NNG
기펜재	NNG
기프트	NNG
기회비용	NNG
기획자	NNG
기후	NNG
긴급	NNG
깡통	NNG
꼬리	NNG
나라	NNG
나머지	NNG
낙인	NNG
난민	NNG
난외자산	NNG
남미	NNG
남아프리카	NNG
납부	NNG
납세자	NNG
납입	NNG
납입금	NNG
내국	NNG
내국인	NNG
내부	NNG
내부통제	NNG
내외	NNG
내용	NNG
내의	NNG
냉간압연강재	NNG
냉전	NNG
네덜란드	NNG
네트워크	NNG
년대	NNG
노년	NNG
노동	NNG
노동량	NNG
노동력	NNG
노동자	NNG
노동조합	NNG
노드하우스	NNG
노력	NNG
노령	NNG
노사	NNG
노인	NNG
노출	NNG
녹색기후기	NNG
논의	NNG
농경지	NNG
농림수	NNG
농산물	NNG
농수산물	NNG
농작물	NNG
농협	NNG
농협은행	NNG
누락	NNG
누진	NNG
뉴욕	NNG
뉴욕증권거래소	NNG
뉴질랜드	NNG
뉴햄프셔주	NNG
능력	NNG
능률급	NNG
다국적	NNG
다수	NNG
다양	NNG
다우존스	NNG
다음	NNG
다이아몬드	NNG
다자간	NNG
단가	NNG
단계	NNG
단기	NNG
단기목	NNG
단말기	NNG
단순	NNG
단시간	NNG
단위	NNG
단일	NNG
단체	NNG
달걀	NNG
달러	NNG
달러화	NNG
달성	NNG
담배	NNG
담보	NNG
당기	NNG
당사국	NNG
당사자	NNG
당시	NNG
당연직	NNG
당일	NNG
당장	NNG
당초	NNG
당행	NNG
대가	NNG
대각선	NNG
대구	NNG
대금	NNG
대내외	NNG
대량	NNG
대로	NNG
대륙	NNG
대리인	NNG
대리점	NNG
대마불사	NNG
대만	NNG
대미	NNG
대비	NNG
대상	NNG
대상국	NNG
대상자	NNG
대신	NNG
대여	NNG
대외	NNG
대응	NNG
대의	NNG
대전	NNG
대지	NNG
대책	NNG
대체재	NNG
대출	NNG
대출금	NNG
대침체	NNG
대표	NNG
대학교	NNG
대한상공회의소	NNG
대행	NNG
대형	NNG
대화	NNG
더블딥	NNG
더블린	NNG
덤핑	NNG
데모	NNG
데이터	NNG
데이터베이스	NNG
덴마크	NNG
도난	NNG
도드	NNG
도로	NNG
도산	NNG
도시	NNG
도시가스	NNG
도용	NNG
도움	NNG
도입	NNG
도착	NNG
도쿄	NNG
독일	NNG
독점	NNG
동경	NNG
동구	NNG
동남아	NNG
동남아시아	NNG
동력	NNG
동률	NNG
동부	NNG
동시	NNG
동아	NNG
동아시아	NNG
동안	NNG
동영상	NNG
동원	NNG
동유럽	NNG
동의	NNG
동일	NNG
동일인	NNG
동종	NNG
동행	NNG
동향	NNG
두바이유	NNG
듀레이션	NNG
등급	NNG
등기	NNG
등록	NNG
등록기	NNG
등록세	NNG
등유	NNG
등장	NNG
등지	NNG
디레버리징	NNG
디스인터미디에이션	NNG
디자인	NNG
디지털	NNG
디커플링	NNG
디폴트	NNG
디플레이션	NNG
딜러	NNG
딜레마	NNG
때문	NNG
라면	NNG
라부안	NNG
래퍼	NNG
러시아	NNG
런던	NNG
레귤레이션	NNG
레그테크	NNG
레버리지	NNG
레온티에프	NNG
레이건	NNG
레이번슈타인	NNG
레이션	NNG
레저	NNG
로그인	NNG
로도	NNG
로드맵	NNG
로렌	NNG
로렌츠	NNG
로버트	NNG
로보어드바이저	NNG
로봇	NNG
로치	NNG
록증	NNG
롬바르트형	NNG
룩셈부르크	NNG
리드앤드래그	NNG
리디노미네이션	NNG
리먼브라더스	NNG
리먼브러더스	NNG
리보	NNG
리부	NNG
리스	NNG
리스료	NNG
리스크	NNG
리와	NNG
리저브트란셰	NNG
리치	NNG
마련	NNG
마리	NNG
마모	NNG
마비	NNG
마스트리히트	NNG
마약	NNG
마을	NNG
마이너	NNG
마이너스	NNG
마찬가지	NNG
마케팅	NNG
만기	NNG
만기일	NNG
만일	NNG
만큼	NNG
말레이시아	NNG
매각	NNG
매도	NNG
매도통	NNG
매매	NNG
매수	NNG
매수자	NNG
매입	NNG
매입채무	NNG
매출액	NNG
매칭	NNG
맥도날드	NNG
맥도널드	NNG
맺은	NNG
메릴린치	NNG
메시지	NNG
메신저	NNG
멕시코	NNG
멤버십	NNG
면도	NNG
면적	NNG
면제	NNG
면포	NNG
명당	NNG
명령	NNG
명목	NNG
명목이자율	NNG
명절	NNG
명품	NNG
모건	NNG
모건스탠리	NNG
모기지	NNG
모니터링	NNG
모델	NNG
모라토리엄	NNG
모바일	NNG
모양	NNG
모의	NNG
모집	NNG
모형	NNG
목요일	NNG
목적	NNG
목표	NNG
무늬	NNG
무다라바	NNG
무디스	NNG
무라바하	NNG
무샤라카	NNG
무역	NNG
무역수지	NNG
무작위	NNG
무하마드	NNG
무한대	NNG
무형	NNG
문양	NNG
문자	NNG
문제	NNG
문제점	NNG
문학	NNG
문화	NNG
문화비	NNG
물가	NNG
물가안정목표제	NNG
물건	NNG
물품	NNG
물품공	NNG
뮤추얼펀드	NNG
미국	NNG
미국발	NNG
미국식	NNG
미달	NNG
미디어	NNG
미래	NNG
미만	NNG
미술	NNG
미얀마	NNG
미연	NNG
민간	NNG
민감	NNG
민주당	NNG
민첩성	NNG
밀접	NNG
바니	NNG
바스켓	NNG
바우처	NNG
바이	NNG
바이오	NNG
바젤	NNG
바젤위원회	NNG
바젤은행감독위원회	NNG
바트	NNG
바하마	NNG
반대	NNG
반대급부	NNG
반드	NNG
반면	NNG
반복	NNG
반비례	NNG
반영	NNG
반응	NNG
반제	NNG
발굴	NNG
발급	NNG
발달	NNG
발동	NNG
발명	NNG
발생	NNG
발은행	NNG
발전	NNG
발전소	NNG
발주	NNG
발행	NNG
발행인	NNG
발행자	NNG
발효	NNG
방글라데시	NNG
방문	NNG
방법	NNG
방식	NNG
방정식	NNG
방지	NNG
방카슈랑스	NNG
방향	NNG
방화벽	NNG
배경	NNG
배달	NNG
배당	NNG
배당금	NNG
배부	NNG
배율	NNG
배정	NNG
배제	NNG
배추	NNG
배출	NNG
배출량	NNG
백분율	NNG
백악관	NNG
백업	NNG
백화점	NNG
뱅크런	NNG
뱅크오브아메리카	NNG
뱅크월렛	NNG
버냉키	NNG
버블	NNG
번째	NNG
번호	NNG
범용	NNG
범위	NNG
범죄	NNG
범죄자	NNG
법규	NNG
법령	NNG
법률	NNG
법인	NNG
법인세	NNG
법칙	NNG
베네룩스	NNG
베이시스	NNG
베이컨	NNG
베트남	NNG
베트남전	NNG
벤치마크	NNG
변경	NNG
변동	NNG
변수	NNG
변조	NNG
변화	NNG
병원	NNG
보고르	NNG
보고서	NNG
보관	NNG
보급	NNG
보복	NNG
보상	NNG
보상비	NNG
보완	NNG
보완재	NNG
보유	NNG
보유자	NNG
보유지준	NNG
보육	NNG
보인	NNG
보장	NNG
보장매	NNG
보전	NNG
보조금	NNG
보증료	NNG
보통주	NNG
보험	NNG
보험금	NNG
보험료	NNG
보험사	NNG
보호	NNG
보호법	NNG
복구	NNG
복귀	NNG
복리	NNG
복리채	NNG
복수	NNG
복원력	NNG
복지	NNG
본격	NNG
본국	NNG
본드	NNG
본래	NNG
본부	NNG
본원통화	NNG
본의	NNG
본인	NNG
본점	NNG
볼커	NNG
볼커룰	NNG
부가	NNG
부과	NNG
부금	NNG
부담	NNG
부도	NNG
부동산	NNG
부문	NNG
부산	NNG
부설	NNG
부속	NNG
부실	NNG
부인	NNG
부작용	NNG
부정	NNG
부족	NNG
부채	NNG
부총재	NNG
부테린	NNG
부호	NNG
부흥	NNG
북미	NNG
북유럽	NNG
분간	NNG
분기	NNG
분담	NNG
분리	NNG
분산	NNG
분산원장기술	NNG
분석	NNG
분쇄	NNG
분실	NNG
분야	NNG
분양	NNG
분업	NNG
분위	NNG
분장	NNG
분전	NNG
분화	NNG
불가	NNG
불공	NNG
불능	NNG
불리	NNG
불안	NNG
불안감	NNG
불입	NNG
불충분	NNG
불황	NNG
붕괴	NNG
브라질	NNG
브랜드	NNG
브레튼	NNG
브레튼우즈	NNG
브렌트유	NNG
브로커	NNG
브릭스	NNG
블라일리	NNG
블랙	NNG
블랙숄즈모형	NNG
블록	NNG
블록체인	NNG
비거	NNG
비교	NNG
비밀번호	NNG
비배제성	NNG
비아시아	NNG
비용	NNG
비율	NNG
비전	NNG
비전형근	NNG
비중	NNG
비차	NNG
비탈릭	NNG
비트	NNG
비트코인	NNG
빅데이터	NNG
빅맥	NNG
빈곤	NNG
빈곤선	NNG
사고	NNG
사기	NNG
사기구	NNG
사람	NNG
사례	NNG
사망	NNG
사모	NNG
사무	NNG
사무국	NNG
사무실	NNG
사방	NNG
사법	NNG
사법부	NNG
사상	NNG
사생활	NNG
사설	NNG
사업	NNG
사업자	NNG
사용	NNG
사용처	NNG
사유	NNG
사이버	NNG
사전	NNG
사정	NNG
사지수	NNG
사진	NNG
사채	NNG
사탕	NNG
사탕수수	NNG
사태	NNG
사토시	NNG
사학연	NNG
사항	NNG
사회	NNG
사회단체	NNG
사회보	NNG
사회연대은행	NNG
사후	NNG
삭감	NNG
산림	NNG
산업	NNG
산업은행	NNG
산업재해보상보험	NNG
산정	NNG
산출	NNG
산출액	NNG
산하	NNG
삼겹살	NNG
상거래	NNG
상관	NNG
상관관계	NNG
상담	NNG
상당	NNG
상당액	NNG
상대	NNG
상대국	NNG
상반기	NNG
상법	NNG
상설	NNG
상속세	NNG
상쇄	NNG
상승	NNG
상시	NNG
상업	NNG
상업은행	NNG
상여금	NNG
상위	NNG
상의	NNG
상임위	NNG
상장	NNG
상충	NNG
상층	NNG
상태	NNG
상표	NNG
상품	NNG
상하	NNG
상해	NNG
상향	NNG
상호	NNG
상호저축은행	NNG
상환	NNG
상환액	NNG
상황	NNG
생계비	NNG
생물	NNG
생산	NNG
생산량	NNG
생산물	NNG
생산물세	NNG
생산자	NNG
생성	NNG
생수	NNG
생존	NNG
생존자	NNG
생활	NNG
생활수준	NNG
샤리아	NNG
샴푸	NNG
서독	NNG
서류	NNG
서명	NNG
서방	NNG
서브프라임	NNG
서비	NNG
서비스	NNG
서비스업	NNG
서울	NNG
서의	NNG
서킷브레이커	NNG
석유	NNG
석탄	NNG
선도	NNG
선물	NNG
선물환	NNG
선박	NNG
선불	NNG
선순위	NNG
선언	NNG
선정	NNG
선진	NNG
선진국	NNG
선택	NNG
선행	NNG
설계	NNG
설득력	NNG
설립	NNG
설명	NNG
설비	NNG
설정	NNG
설치	NNG
성격	NNG
성과	NNG
성립	NNG
성매매	NNG
성명	NNG
성별	NNG
성장	NNG
성장통화	NNG
성품	NNG
성향	NNG
세계	NNG
세계무역기구	NNG
세계은행	NNG
세금	NNG
세기	NNG
세로	NNG
세무	NNG
세부	NNG
세율	NNG
세이프	NNG
세이프가드	NNG
세입	NNG
소각	NNG
소간	NNG
소득	NNG
소득세	NNG
소멸	NNG
소방	NNG
소비	NNG
소비자	NNG
소비자보호법	NNG
소속	NNG
소수	NNG
소수점	NNG
소액	NNG
소요	NNG
소유	NNG
소유자	NNG
소음	NNG
소재	NNG
소정	NNG
소주	NNG
소진	NNG
소프트	NNG
소프트웨	NNG
소화	NNG
속도	NNG
속물	NNG
손상	NNG
손실	NNG
손익	NNG
손해보험	NNG
송금	NNG
송부	NNG
쇼핑	NNG
쇼핑몰	NNG
수거	NNG
수금	NNG
수급	NNG
수급자	NNG
수납	NNG
수단	NNG
수당	NNG
수도	NNG
수도사업	NNG
수량	NNG
수력	NNG
수렴	NNG
수령	NNG
수로	NNG
수록	NNG
수료	NNG
수립	NNG
수수료	NNG
수시	NNG
수신	NNG
수업료	NNG
수요	NNG
수요량	NNG
수요자	NNG
수요충격	NNG
수용	NNG
수의	NNG
수익	NNG
수입	NNG
수입금	NNG
수입량	NNG
수입세	NNG
수입액	NNG
수자원	NNG
수주	NNG
수준	NNG
수지	NNG
수집	NNG
수축	NNG
수출	NNG
수출국	NNG
수출보험	NNG
수출액	NNG
수출업자	NNG
수출입	NNG
수출품	NNG
수취	NNG
수취인	NNG
수치	NNG
수쿠크	NNG
수탁자	NNG
수표	NNG
수행	NNG
수혜자	NNG
수호	NNG
순생산	NNG
순위	NNG
순이익	NNG
순차	NNG
순환	NNG
숫자	NNG
슈바브	NNG
슈밥	NNG
슈퍼마켓	NNG
슐츠	NNG
스놉	NNG
스마트홈	NNG
스무딩오퍼레이션	NNG
스왑	NNG
스웨덴	NNG
스위스	NNG
스퀘어	NNG
스태	NNG
스태그내이션	NNG
스태그플레이션	NNG
스탠더	NNG
스탠드바이협약	NNG
스템	NNG
스톡	NNG
스톡옵션	NNG
스톡퍼처스	NNG
스트레스	NNG
스페인	NNG
스프레드	NNG
습득	NNG
승산	NNG
승용차	NNG
승인	NNG
승진	NNG
시간	NNG
시계열	NNG
시기	NNG
시까	NNG
시나리오	NNG
시너지	NNG
시뇨리지	NNG
시설	NNG
시설장애	NNG
시세	NNG
시스템	NNG
시아	NNG
시일	NNG
시작	NNG
시장	NNG
시재금	NNG
시점	NNG
시정	NNG
시중	NNG
시차	NNG
시카고	NNG
시카고상업거래소	NNG
시행	NNG
시행령	NNG
식량	NNG
식료품	NNG
식료품비	NNG
식별	NNG
신고	NNG
신규	NNG
신디케이트	NNG
신뢰	NNG
신분증	NNG
신사임당	NNG
신설	NNG
신속	NNG
신용	NNG
신용공	NNG
신용리	NNG
신용사	NNG
신용위	NNG
신용장	NNG
신용카	NNG
신용파산스왑	NNG
신용협동조합	NNG
신주	NNG
신청	NNG
신탁	NNG
신탁업	NNG
신한	NNG
신흥	NNG
신흥국	NNG
실무	NNG
실물	NNG
실수	NNG
실시간	NNG
실업	NNG
실업자	NNG
실질	NNG
실행	NNG
심리	NNG
심사	NNG
심화	NNG
싱가포	NNG
싱가포르	NNG
쌍방	NNG
쓰임새	NNG
아기	NNG
아동	NNG
아래	NNG
아르바이트	NNG
아메리카	NNG
아세안	NNG
아시아	NNG
아시아개발은행	NNG
아시아태평양	NNG
아웃소싱	NNG
아이디어	NNG
아이스크림	NNG
아일랜드	NNG
아침	NNG
아파트	NNG
아프리카	NNG
악순환	NNG
악화	NNG
안면	NNG
안보	NNG
안전장치	NNG
안전판	NNG
안정	NNG
알고리즘	NNG
알선수	NNG
암시장	NNG
암호	NNG
앞면	NNG
액면	NNG
야간	NNG
약세	NNG
약속	NNG
약정	NNG
약칭	NNG
양건예금	NNG
양곡	NNG
양국	NNG
양극단	NNG
양도	NNG
양도성예금증서	NNG
양수	NNG
양자	NNG
양자컴퓨팅	NNG
어려우므	NNG
어빙	NNG
어음	NNG
억제	NNG
언론인	NNG
엄마	NNG
업무	NNG
업무량	NNG
업자	NNG
업종	NNG
업체	NNG
에너지	NNG
에도	NNG
엔론	NNG
엔진	NNG
엔화	NNG
엣지워스	NNG
여가	NNG
여개	NNG
여개국	NNG
여건	NNG
여권	NNG
여력	NNG
여부	NNG
여수신	NNG
여신	NNG
여신전	NNG
여야	NNG
여업	NNG
여전사	NNG
여타	NNG
여행	NNG
역내	NNG
역내무역	NNG
역선택	NNG
역외	NNG
역외펀드	NNG
역할	NNG
연간	NNG
연결	NNG
연계증권	NNG
연구	NNG
연구원	NNG
연금	NNG
연기	NNG
연기금	NNG
연도	NNG
연령	NNG
연례	NNG
연료	NNG
연방거래위원회	NNG
연방공개시장위원	NNG
연방공개시장위원회	NNG
연방준비제도이사회	NNG
연설	NNG
연속	NNG
연쇄	NNG
연안	NNG
연유	NNG
연율	NNG
연장	NNG
연준	NNG
연중무휴	NNG
연차	NNG
연체	NNG
연탄	NNG
연평균	NNG
연합	NNG
연합국	NNG
연환지수	NNG
열등재	NNG
영국	NNG
영국인	NNG
영란은행	NNG
영문	NNG
영문자	NNG
영어	NNG
영업	NNG
영업시간	NNG
영업일	NNG
영업점	NNG
영역	NNG
영연방	NNG
영위	NNG
영유아	NNG
영향	NNG
영향력	NNG
예금보험공사	NNG
예금자	NNG
예대율	NNG
예방	NNG
예산	NNG
예상	NNG
예수금	NNG
예술	NNG
예일대	NNG
예정	NNG
예측	NNG
예치	NNG
예탁	NNG
오늘날	NNG
오디오	NNG
오류	NNG
오바마	NNG
오스트레일리아	NNG
오염	NNG
오원화	NNG
오전	NNG
오차	NNG
오쿤	NNG
오해	NNG
오후	NNG
오히	NNG
옥수수	NNG
온라인	NNG
온스	NNG
온실가스	NNG
올해	NNG
옵서버	NNG
옵션	NNG
와타나베	NNG
완료	NNG
완성	NNG
완제품	NNG
완화	NNG
왓슨	NNG
왜곡	NNG
외교	NNG
외국	NNG
외국법	NNG
외국인	NNG
외국환	NNG
외은지점	NNG
외채	NNG
외화	NNG
외환	NNG
왼쪽	NNG
요가	NNG
요구	NNG
요금	NNG
요소	NNG
요인	NNG
요청	NNG
욕구	NNG
용도	NNG
용어	NNG
용역	NNG
용의자	NNG
용지	NNG
우량	NNG
우루과이라운드	NNG
우리나라	NNG
우선주	NNG
우수	NNG
우유	NNG
우정사업본부	NNG
우체국	NNG
우편	NNG
운송	NNG
운송비	NNG
운영	NNG
운영관	NNG
운용	NNG
움직	NNG
워런트	NNG
워싱턴	NNG
워크넷	NNG
워크아웃	NNG
원금	NNG
원금비보장	NNG
원리	NNG
원리금	NNG
원산지	NNG
원유	NNG
원인	NNG
원일물	NNG
원자재	NNG
원장	NNG
원재료	NNG
원조	NNG
원칙	NNG
원형	NNG
원화	NNG
원화유동성비율	NNG
월가	NNG
월경	NNG
월드콤	NNG
월말	NNG
월스트리	NNG
월스트리트	NNG
위기	NNG
위도	NNG
위안화	NNG
위원장	NNG
위원회	NNG
위장	NNG
위조	NNG
위축	NNG
위험	NNG
위험부	NNG
윌슨	NNG
유가	NNG
유누스	NNG
유니버셜	NNG
유도	NNG
유동	NNG
유동화	NNG
유동화전문회사	NNG
유럽	NNG
유럽공동체	NNG
유럽사법	NNG
유럽의회	NNG
유럽중앙은행	NNG
유력	NNG
유로	NNG
유로존	NNG
유로화	NNG
유리보	NNG
유망	NNG
유명	NNG
유사	NNG
유사시	NNG
유엔	NNG
유의	NNG
유입	NNG
유전자	NNG
유지	NNG
유지보	NNG
유출입	NNG
유치	NNG
유통	NNG
유형	NNG
유화	NNG
육류	NNG
육성	NNG
육아	NNG
율곡	NNG
융자	NNG
은행	NNG
은행법	NNG
은행업	NNG
은행연합회	NNG
음반	NNG
음성	NNG
음악	NNG
응용	NNG
의거	NNG
의견	NNG
의료	NNG
의무	NNG
의미	NNG
의사	NNG
의제	NNG
의회	NNG
이내	NNG
이니셔티브	NNG
이더리움	NNG
이동	NNG
이드	NNG
이때	NNG
이란	NNG
이미지	NNG
이브리드	NNG
이상	NNG
이상일	NNG
이션	NNG
이슬람	NNG
이슬람교	NNG
이외	NNG
이용	NNG
이용자	NNG
이유	NNG
이윤	NNG
이이	NNG
이익	NNG
이자	NNG
이전	NNG
이체	NNG
이탈	NNG
이탈리아	NNG
이트투자청	NNG
이표채	NNG
이하	NNG
이해	NNG
이행	NNG
이후	NNG
익률	NNG
익스포	NNG
익스포저	NNG
인가	NNG
인건비	NNG
인공	NNG
인구	NNG
인도	NNG
인도네시아	NNG
인력	NNG
인물	NNG
인상	NNG
인수	NNG
인식	NNG
인원	NNG
인의	NNG
인이상	NNG
인접국	NNG
인정	NNG
인증	NNG
인지세	NNG
인천	NNG
인출	NNG
인터내셔널	NNG
인터넷	NNG
인터넷판	NNG
인터뷰	NNG
인프라	NNG
인플	NNG
인플레	NNG
인플레이션	NNG
인하	NNG
일간지	NNG
일괄	NNG
일국	NNG
일률	NNG
일물	NNG
일반	NNG
일방	NNG
일본	NNG
일본은행	NNG
일부	NNG
일시	NNG
일어	NNG
일용직	NNG
일인	NNG
일자리	NNG
일정	NNG
일정량	NNG
일치	NNG
일탈	NNG
일평균	NNG
임금	NNG
임대료	NNG
임산부	NNG
임시	NNG
임시직	NNG
임점	NNG
임직원	NNG
임차료	NNG
입금	NNG
입금서비	NNG
입법	NNG
입법부	NNG
입안	NNG
입주	NNG
입주자	NNG
입지	NNG
입출금	NNG
입회	NNG
잉여	NNG
잉여금	NNG
자국	NNG
자금	NNG
자금관리서비스	NNG
자금모	NNG
자금순환표	NNG
자동	NNG
자동차	NNG
자로	NNG
자료	NNG
자리	NNG
자문	NNG
자본	NNG
자본금	NNG
자사	NNG
자산	NNG
자산관	NNG
자연독점	NNG
자연재해	NNG
자영업자	NNG
자원	NNG
자유	NNG
자유재	NNG
자인	NNG
자체	NNG
자형	NNG
자회	NNG
자회사	NNG
작기	NNG
작동	NNG
작성	NNG
작업	NNG
작업반	NNG
작용	NNG
작품	NNG
잔금	NNG
잔액	NNG
잔존	NNG
잠상	NNG
잠재	NNG
잠재력	NNG
잣대	NNG
장과	NNG
장기	NNG
장기간	NNG
장기채	NNG
장내	NNG
장내시장	NNG
장단	NNG
장률	NNG
장부	NNG
장애	NNG
장애인	NNG
장의	NNG
장치	NNG
장표	NNG
재결합	NNG
재무	NNG
재발	NNG
재산	NNG
재생	NNG
재소자	NNG
재원	NNG
재정	NNG
재편	NNG
재학	NNG
재해	NNG
재화	NNG
저급	NNG
저장소	NNG
저축	NNG
저하	NNG
저해	NNG
적격	NNG
적격증	NNG
적극	NNG
적금	NNG
적기	NNG
적립	NNG
적립금	NNG
적용	NNG
적자	NNG
적자국	NNG
적정	NNG
전공	NNG
전국	NNG
전국은행연합회	NNG
전기	NNG
전달	NNG
전담	NNG
전략	NNG
전망	NNG
전면	NNG
전문	NNG
전미경제연구소	NNG
전산시스	NNG
전산장	NNG
전세	NNG
전시	NNG
전액	NNG
전용	NNG
전월	NNG
전일	NNG
전자	NNG
전자서명	NNG
전자식	NNG
전자화폐	NNG
전쟁	NNG
전체	NNG
전표	NNG
전화	NNG
전환	NNG
전환사채	NNG
전후	NNG
절감	NNG
절반	NNG
절상	NNG
절약	NNG
절차	NNG
절하	NNG
점검	NNG
점유	NNG
점이	NNG
점포	NNG
접근	NNG
접시	NNG
접촉	NNG
정규직	NNG
정도	NNG
정리	NNG
정맥	NNG
정보	NNG
정부	NNG
정비	NNG
정사	NNG
정상	NNG
정상회	NNG
정식	NNG
정의	NNG
정지	NNG
정착	NNG
정책	NNG
정체	NNG
정치	NNG
정치력	NNG
정크본드	NNG
정품	NNG
정한	NNG
정확	NNG
제3자	NNG
제거	NNG
제고	NNG
제공	NNG
제도	NNG
제로	NNG
제로금	NNG
제반	NNG
제본스	NNG
제안	NNG
제약	NNG
제어	NNG
제외	NNG
제임스	NNG
제정	NNG
제조	NNG
제조업	NNG
제출	NNG
제품	NNG
제한	NNG
조개	NNG
조건	NNG
조국	NNG
조기	NNG
조달	NNG
조브라	NNG
조사	NNG
조선소	NNG
조성자	NNG
조세	NNG
조세부	NNG
조약	NNG
조원	NNG
조인	NNG
조작	NNG
조절	NNG
조정	NNG
조직	NNG
조직체	NNG
조처	NNG
조치	NNG
조합	NNG
조회	NNG
존재	NNG
종가	NNG
종금사	NNG
종류	NNG
종목	NNG
종사	NNG
종업원	NNG
종이	NNG
종전	NNG
종합금	NNG
주가연계증권	NNG
주간	NNG
주거	NNG
주거비	NNG
주당	NNG
주당순이익	NNG
주도	NNG
주부	NNG
주선	NNG
주세	NNG
주소	NNG
주식	NNG
주요	NNG
주요국	NNG
주의	NNG
주인	NNG
주일	NNG
주자	NNG
주재	NNG
주주	NNG
주체	NNG
주택	NNG
주화	NNG
준비금	NNG
준수	NNG
준칙	NNG
중간	NNG
중간재	NNG
중개	NNG
중개업자	NNG
중고차	NNG
중국	NNG
중금리	NNG
중남미	NNG
중단	NNG
중도금	NNG
중동	NNG
중반	NNG
중복	NNG
중산	NNG
중소기업	NNG
중심	NNG
중심지	NNG
중앙	NNG
중앙은행	NNG
중앙회	NNG
중요	NNG
중위	NNG
중의	NNG
중장기	NNG
중점	NNG
즉시	NNG
증가	NNG
증권	NNG
증권사	NNG
증대	NNG
증서	NNG
증시	NNG
증여세	NNG
증진	NNG
지구	NNG
지급	NNG
지급액	NNG
지급인	NNG
지난해	NNG
지능	NNG
지니	NNG
지대	NNG
지레	NNG
지렛대	NNG
지로시스	NNG
지문	NNG
지방세	NNG
지방은행	NNG
지방채	NNG
지분	NNG
지속	NNG
지수	NNG
지시	NNG
지식	NNG
지역	NNG
지원	NNG
지적	NNG
지점	NNG
지정	NNG
지정환	NNG
지준	NNG
지출	NNG
지출관	NNG
지침	NNG
지폐	NNG
지표	NNG
지하	NNG
직간접	NNG
직면	NNG
직불	NNG
직원	NNG
직전	NNG
직접세	NNG
직후	NNG
진입	NNG
진전	NNG
진출	NNG
진행	NNG
질권	NNG
질병	NNG
집단	NNG
집중	NNG
집합	NNG
집행	NNG
징구	NNG
징발	NNG
징역	NNG
차감	NNG
차기	NNG
차별	NNG
차산품	NNG
차액	NNG
차원	NNG
차이	NNG
차익	NNG
차입	NNG
차입금	NNG
차입매수	NNG
차입자	NNG
차주	NNG
차체	NNG
착안	NNG
참가	NNG
참가자	NNG
참석	NNG
참여	NNG
참여자	NNG
참조	NNG
창고	NNG
창립	NNG
창설	NNG
창출	NNG
채굴	NNG
채권	NNG
채권국	NNG
채권시장안정펀드	NNG
채권자	NNG
채무	NNG
채무자	NNG
채택	NNG
책무	NNG
책임	NNG
처리	NNG
처음	NNG
천연가스	NNG
철강	NNG
철도	NNG
철폐	NNG
청구	NNG
청산	NNG
청약	NNG
청회색	NNG
체감	NNG
체결	NNG
체계	NNG
체제	NNG
초과	NNG
초과시	NNG
초기	NNG
초단	NNG
초래	NNG
초상	NNG
초인플레이션	NNG
초중반	NNG
초청국	NNG
촉발	NNG
촉진	NNG
촉진법	NNG
총공급	NNG
총생산액	NNG
총소	NNG
총소득	NNG
총액	NNG
총익스포저	NNG
총재	NNG
총회	NNG
최고	NNG
최근	NNG
최대	NNG
최소	NNG
최장	NNG
최저	NNG
최적	NNG
최종	NNG
최종매	NNG
최종수	NNG
최초	NNG
최후	NNG
추가	NNG
추가경정예산	NNG
추계	NNG
추구	NNG
추석	NNG
추세	NNG
추심	NNG
추이	NNG
추진	NNG
추출	NNG
추후	NNG
축소	NNG
축적	NNG
출금	NNG
출범	NNG
출생아	NNG
출시	NNG
출업	NNG
출연금	NNG
출의	NNG
출입	NNG
출자	NNG
출자금	NNG
출자전환	NNG
출하	NNG
출현	NNG
충격	NNG
충당금	NNG
취급	NNG
취득	NNG
취득세	NNG
취소	NNG
취약	NNG
취업	NNG
취업자	NNG
측정	NNG
측정모	NNG
치의	NNG
치킨게임	NNG
치타공	NNG
치타공대학	NNG
칙금리	NNG
친족	NNG
칠레	NNG
침체	NNG
카드	NNG
카드사	NNG
카르텔	NNG
카리브	NNG
카타르	NNG
카터	NNG
캐나다	NNG
캐리트레	NNG
캐피털	NNG
커플링	NNG
컨설턴트	NNG
컨센서스	NNG
컴퍼니	NNG
컴퓨터	NNG
컴퓨팅	NNG
케인즈	NNG
코리보	NNG
코스	NNG
코스닥	NNG
코스콤	NNG
코스피	NNG
코인	NNG
코코본드	NNG
콜시장	NNG
쿠웨	NNG
쿠폰	NNG
쿼타	NNG
쿼타공식	NNG
쿼타정책	NNG
크기	NNG
크라우드	NNG
크레디트	NNG
크레용	NNG
크로나	NNG
크로스레이트	NNG
크리스	NNG
클라우드	NNG
클라우스	NNG
클린턴	NNG
타사	NNG
타이어	NNG
타인	NNG
타임	NNG
타임스지	NNG
타행환	NNG
탈퇴	NNG
탐색	NNG
태국	NNG
태극	NNG
태도	NNG
태양광	NNG
태양열	NNG
태펀	NNG
태평양	NNG
태풍	NNG
터커	NNG
터키	NNG
테러	NNG
테스트	NNG
테일러	NNG
테크마	NNG
텍스트	NNG
텔레뱅	NNG
텔레뱅킹	NNG
토마스	NNG
토빈	NNG
토빈세	NNG
토지	NNG
토큰	NNG
통계	NNG
통계학자	NNG
통관	NNG
통상	NNG
통신	NNG
통신망	NNG
통제	NNG
통지	NNG
통지수	NNG
통합	NNG
통화	NNG
통화량	NNG
통화보	NNG
통화승수	NNG
통화정	NNG
퇴계	NNG
퇴장	NNG
퇴직금	NNG
퇴직연금	NNG
퇴출	NNG
투입	NNG
투자	NNG
투자율	NNG
투자자	NNG
트리핀	NNG
트워크	NNG
특별인출권	NNG
특성	NNG
특수	NNG
특수은행	NNG
특정	NNG
특정기	NNG
특정시	NNG
특징	NNG
특허청	NNG
특혜	NNG
파견	NNG
파급	NNG
파레토	NNG
파산	NNG
파생결합증권	NNG
파악	NNG
파업	NNG
파운드화	NNG
파이낸셜	NNG
파이낸싱	NNG
파일	NNG
파트너	NNG
판결	NNG
판단	NNG
판매	NNG
판매대	NNG
판매자	NNG
판매점	NNG
판별	NNG
패닉	NNG
펀드	NNG
펀딩	NNG
펌뱅킹	NNG
페더	NNG
페더럴펀	NNG
페루	NNG
페이퍼	NNG
페인트	NNG
편성	NNG
편의	NNG
편익	NNG
편제	NNG
평가	NNG
평균	NNG
평균값	NNG
평상시	NNG
평소	NNG
폐기	NNG
폐기물	NNG
폐수	NNG
폐지	NNG
포괄범	NNG
포럼	NNG
포르투갈	NNG
포인트	NNG
포인트씩	NNG
포지션	NNG
포트폴리	NNG
포트폴리오	NNG
포함	NNG
폭도	NNG
폭락	NNG
폰뱅킹	NNG
표기	NNG
표시	NNG
표제	NNG
품목	NNG
품질	NNG
풍력	NNG
퓨팅	NNG
프라	NNG
프랑스	NNG
프랑스어	NNG
프랑크푸르트	NNG
프랭크	NNG
프로그	NNG
프로그래밍	NNG
프로그램	NNG
프로세스	NNG
프로젝트	NNG
프로토콜	NNG
프리드먼	NNG
프리미엄	NNG
프린스턴대	NNG
프린팅	NNG
플라스틱	NNG
플랜트	NNG
플랫폼	NNG
플로	NNG
피드백	NNG
피셔	NNG
피용자	NNG
피해자	NNG
핀란드	NNG
핀테크	NNG
필름	NNG
필리핀	NNG
필립스	NNG
필요	NNG
필요시	NNG
필요지준	NNG
핑몰	NNG
하드포크	NNG
하락	NNG
하버드대	NNG
하위	NNG
하의	NNG
하한	NNG
하향	NNG
학교	NNG
학문	NNG
학생	NNG
학원	NNG
한계	NNG
한국	NNG
한국감정원	NNG
한국거래소	NNG
한국고용정보원	NNG
한국산업은행	NNG
한국수출입은행	NNG
한국씨티	NNG
한국예탁결제원	NNG
한국은행	NNG
한국자산관	NNG
한국전력공사	NNG
한국토지주택공사	NNG
한국투자공사	NNG
한도	NNG
한때	NNG
한정	NNG
할당	NNG
할인	NNG
할인채	NNG
함의	NNG
함정	NNG
합계	NNG
합계출산율	NNG
합병	NNG
합산	NNG
합의	NNG
항목	NNG
해결	NNG
해결책	NNG
해고	NNG
해당	NNG
해당국	NNG
해소	NNG
해시포인터	NNG
해약	NNG
해양	NNG
해외	NNG
핵심	NNG
핵확산	NNG
햄버거	NNG
햇빛	NNG
햇수	NNG
행동	NNG
행사	NNG
행위	NNG
행인	NNG
행정	NNG
향상	NNG
향후	NNG
허용	NNG
헌법	NNG
헤르슈타트	NNG
헤지	NNG
헨리	NNG
혁명	NNG
혁신	NNG
현금	NNG
현물	NNG
현상	NNG
현상유	NNG
현실	NNG
현용	NNG
현용보기화폐	NNG
현행	NNG
협력	NNG
협의체	NNG
협정	NNG
협정문	NNG
협조	NNG
협조융자	NNG
형성	NNG
형태	NNG
혜택	NNG
호전	NNG
호주	NNG
호황기	NNG
홈뱅킹	NNG
홈페이지	NNG
홍채	NNG
홍콩	NNG
화감독청	NNG
화기금	NNG
화의	NNG
화폐	NNG
확대	NNG
확률	NNG
확립	NNG
확보	NNG
확산	NNG
확인	NNG
확장	NNG
확정	NNG
확충	NNG
환경	NNG
환경권	NNG
환류	NNG
환매	NNG
환매조건부채권	NNG
환어음	NNG
환율	NNG
환전상	NNG
환차손	NNG
환차익	NNG
활동	NNG
활용	NNG
회계	NNG
회복	NNG
회복기	NNG
회비	NNG
회사	NNG
회사채	NNG
회수	NNG
회수예상가액	NNG
회수의문	NNG
회원	NNG
회원국	NNG
회의	NNG
회피	NNG
획득	NNG
횡령	NNG
효과	NNG
후반	NNG
후발	NNG
후불	NNG
후생	NNG
후순위	NNG
후순위채	NNG
후원	NNG
후진타오	NNG
후행	NNG
훼손	NNG
휘발유	NNG
휴가	NNG
휴양림	NNG
휴일	NNG
흑자	NNG
흡수	NNG
희망자	NNG
